Alue,Vuosi,Kesämökkejä (lkm)
KOKO MAA,1970,176104
KOKO MAA,1980,251744
KOKO MAA,1990,367686
KOKO MAA,1995,416236
KOKO MAA,2000,450569
KOKO MAA,2005,474277
KOKO MAA,2010,489232
KOKO MAA,2015,501596
KOKO MAA,2020,508289
KOKO MAA,2021,508919
KOKO MAA,2022,509652
Akaa,1970,346
Akaa,1980,480
Akaa,1990,764
Akaa,1995,798
Akaa,2000,842
Akaa,2005,865
Akaa,2010,859
Akaa,2015,870
Akaa,2020,811
Akaa,2021,813
Akaa,2022,812
Alajärvi,1970,347
Alajärvi,1980,578
Alajärvi,1990,917
Alajärvi,1995,1017
Alajärvi,2000,1070
Alajärvi,2005,1161
Alajärvi,2010,1253
Alajärvi,2015,1329
Alajärvi,2020,1299
Alajärvi,2021,1297
Alajärvi,2022,1298
Alavieska,1970,5
Alavieska,1980,17
Alavieska,1990,50
Alavieska,1995,70
Alavieska,2000,79
Alavieska,2005,86
Alavieska,2010,91
Alavieska,2015,98
Alavieska,2020,73
Alavieska,2021,72
Alavieska,2022,70
Alavus,1970,764
Alavus,1980,1023
Alavus,1990,1468
Alavus,1995,1589
Alavus,2000,1790
Alavus,2005,1806
Alavus,2010,1904
Alavus,2015,2035
Alavus,2020,2000
Alavus,2021,1997
Alavus,2022,2001
Asikkala,1970,1765
Asikkala,1980,2227
Asikkala,1990,2709
Asikkala,1995,3108
Asikkala,2000,3678
Asikkala,2005,3748
Asikkala,2010,3956
Asikkala,2015,4066
Asikkala,2020,4406
Asikkala,2021,4044
Asikkala,2022,4037
Askola,1970,226
Askola,1980,253
Askola,1990,489
Askola,1995,531
Askola,2000,528
Askola,2005,545
Askola,2010,560
Askola,2015,579
Askola,2020,572
Askola,2021,577
Askola,2022,580
Aura,1970,41
Aura,1980,51
Aura,1990,71
Aura,1995,81
Aura,2000,85
Aura,2005,78
Aura,2010,89
Aura,2015,90
Aura,2020,84
Aura,2021,85
Aura,2022,84
Brändö,1970,45
Brändö,1980,110
Brändö,1990,156
Brändö,1995,200
Brändö,2000,226
Brändö,2005,237
Brändö,2010,256
Brändö,2015,264
Brändö,2020,311
Brändö,2021,312
Brändö,2022,313
Eckerö,1970,89
Eckerö,1980,347
Eckerö,1990,341
Eckerö,1995,368
Eckerö,2000,428
Eckerö,2005,445
Eckerö,2010,474
Eckerö,2015,496
Eckerö,2020,788
Eckerö,2021,766
Eckerö,2022,794
Enonkoski,1970,122
Enonkoski,1980,298
Enonkoski,1990,549
Enonkoski,1995,622
Enonkoski,2000,651
Enonkoski,2005,698
Enonkoski,2010,700
Enonkoski,2015,764
Enonkoski,2020,755
Enonkoski,2021,751
Enonkoski,2022,758
Enontekiö,1970,107
Enontekiö,1980,213
Enontekiö,1990,359
Enontekiö,1995,516
Enontekiö,2000,596
Enontekiö,2005,845
Enontekiö,2010,943
Enontekiö,2015,1007
Enontekiö,2020,1557
Enontekiö,2021,1566
Enontekiö,2022,1588
Espoo,1970,3869
Espoo,1980,2462
Espoo,1990,2195
Espoo,1995,2391
Espoo,2000,1978
Espoo,2005,1662
Espoo,2010,1615
Espoo,2015,1636
Espoo,2020,1690
Espoo,2021,1697
Espoo,2022,1742
Eura,1970,476
Eura,1980,655
Eura,1990,936
Eura,1995,1082
Eura,2000,1177
Eura,2005,1183
Eura,2010,1227
Eura,2015,1315
Eura,2020,1283
Eura,2021,1276
Eura,2022,1276
Eurajoki,1970,1144
Eurajoki,1980,1563
Eurajoki,1990,1771
Eurajoki,1995,1924
Eurajoki,2000,2112
Eurajoki,2005,2210
Eurajoki,2010,2329
Eurajoki,2015,2462
Eurajoki,2020,2494
Eurajoki,2021,2476
Eurajoki,2022,2456
Evijärvi,1970,269
Evijärvi,1980,392
Evijärvi,1990,551
Evijärvi,1995,650
Evijärvi,2000,718
Evijärvi,2005,703
Evijärvi,2010,699
Evijärvi,2015,686
Evijärvi,2020,697
Evijärvi,2021,701
Evijärvi,2022,702
Finström,1970,98
Finström,1980,223
Finström,1990,307
Finström,1995,348
Finström,2000,354
Finström,2005,349
Finström,2010,386
Finström,2015,421
Finström,2020,519
Finström,2021,520
Finström,2022,514
Forssa,1970,153
Forssa,1980,309
Forssa,1990,592
Forssa,1995,647
Forssa,2000,687
Forssa,2005,709
Forssa,2010,712
Forssa,2015,726
Forssa,2020,686
Forssa,2021,689
Forssa,2022,688
Föglö,1970,114
Föglö,1980,323
Föglö,1990,345
Föglö,1995,408
Föglö,2000,485
Föglö,2005,513
Föglö,2010,552
Föglö,2015,625
Föglö,2020,698
Föglö,2021,699
Föglö,2022,703
Geta,1970,70
Geta,1980,198
Geta,1990,245
Geta,1995,263
Geta,2000,291
Geta,2005,333
Geta,2010,367
Geta,2015,372
Geta,2020,485
Geta,2021,492
Geta,2022,493
Haapajärvi,1970,36
Haapajärvi,1980,51
Haapajärvi,1990,168
Haapajärvi,1995,190
Haapajärvi,2000,205
Haapajärvi,2005,206
Haapajärvi,2010,212
Haapajärvi,2015,209
Haapajärvi,2020,171
Haapajärvi,2021,176
Haapajärvi,2022,177
Haapavesi,1970,141
Haapavesi,1980,162
Haapavesi,1990,359
Haapavesi,1995,436
Haapavesi,2000,457
Haapavesi,2005,483
Haapavesi,2010,523
Haapavesi,2015,519
Haapavesi,2020,472
Haapavesi,2021,464
Haapavesi,2022,464
Hailuoto,1970,227
Hailuoto,1980,323
Hailuoto,1990,492
Hailuoto,1995,542
Hailuoto,2000,540
Hailuoto,2005,551
Hailuoto,2010,572
Hailuoto,2015,547
Hailuoto,2020,636
Hailuoto,2021,641
Hailuoto,2022,658
Halsua,1970,45
Halsua,1980,94
Halsua,1990,113
Halsua,1995,161
Halsua,2000,197
Halsua,2005,210
Halsua,2010,221
Halsua,2015,232
Halsua,2020,221
Halsua,2021,225
Halsua,2022,226
Hamina,1970,1106
Hamina,1980,1336
Hamina,1990,1745
Hamina,1995,1936
Hamina,2000,2191
Hamina,2005,2185
Hamina,2010,2235
Hamina,2015,2335
Hamina,2020,2306
Hamina,2021,2317
Hamina,2022,2320
Hammarland,1970,117
Hammarland,1980,295
Hammarland,1990,336
Hammarland,1995,391
Hammarland,2000,427
Hammarland,2005,482
Hammarland,2010,503
Hammarland,2015,483
Hammarland,2020,524
Hammarland,2021,539
Hammarland,2022,537
Hankasalmi,1970,339
Hankasalmi,1980,771
Hankasalmi,1990,1334
Hankasalmi,1995,1494
Hankasalmi,2000,1570
Hankasalmi,2005,1612
Hankasalmi,2010,1561
Hankasalmi,2015,1561
Hankasalmi,2020,1453
Hankasalmi,2021,1457
Hankasalmi,2022,1462
Hanko,1970,50
Hanko,1980,439
Hanko,1990,543
Hanko,1995,652
Hanko,2000,742
Hanko,2005,702
Hanko,2010,776
Hanko,2015,781
Hanko,2020,791
Hanko,2021,797
Hanko,2022,789
Harjavalta,1970,29
Harjavalta,1980,30
Harjavalta,1990,65
Harjavalta,1995,72
Harjavalta,2000,60
Harjavalta,2005,66
Harjavalta,2010,66
Harjavalta,2015,55
Harjavalta,2020,45
Harjavalta,2021,45
Harjavalta,2022,45
Hartola,1970,652
Hartola,1980,1107
Hartola,1990,1897
Hartola,1995,1901
Hartola,2000,2130
Hartola,2005,2267
Hartola,2010,2306
Hartola,2015,2376
Hartola,2020,2443
Hartola,2021,2428
Hartola,2022,2414
Hattula,1970,1078
Hattula,1980,1213
Hattula,1990,1626
Hattula,1995,1744
Hattula,2000,1952
Hattula,2005,1989
Hattula,2010,1933
Hattula,2015,2018
Hattula,2020,2019
Hattula,2021,2030
Hattula,2022,2024
Hausjärvi,1970,328
Hausjärvi,1980,508
Hausjärvi,1990,737
Hausjärvi,1995,759
Hausjärvi,2000,798
Hausjärvi,2005,812
Hausjärvi,2010,883
Hausjärvi,2015,867
Hausjärvi,2020,761
Hausjärvi,2021,768
Hausjärvi,2022,768
Heinola,1970,1304
Heinola,1980,1816
Heinola,1990,2453
Heinola,1995,2817
Heinola,2000,2966
Heinola,2005,3328
Heinola,2010,3394
Heinola,2015,3447
Heinola,2020,3710
Heinola,2021,3433
Heinola,2022,3420
Heinävesi,1970,304
Heinävesi,1980,658
Heinävesi,1990,1145
Heinävesi,1995,1340
Heinävesi,2000,1422
Heinävesi,2005,1647
Heinävesi,2010,1699
Heinävesi,2015,1785
Heinävesi,2020,1775
Heinävesi,2021,1768
Heinävesi,2022,1765
Helsinki,1970,2132
Helsinki,1980,310
Helsinki,1990,518
Helsinki,1995,525
Helsinki,2000,422
Helsinki,2005,393
Helsinki,2010,447
Helsinki,2015,407
Helsinki,2020,396
Helsinki,2021,402
Helsinki,2022,417
Hirvensalmi,1970,692
Hirvensalmi,1980,1415
Hirvensalmi,1990,2088
Hirvensalmi,1995,2374
Hirvensalmi,2000,2632
Hirvensalmi,2005,2817
Hirvensalmi,2010,2879
Hirvensalmi,2015,3016
Hirvensalmi,2020,2959
Hirvensalmi,2021,2960
Hirvensalmi,2022,2964
Hollola,1970,1207
Hollola,1980,1408
Hollola,1990,1695
Hollola,1995,1878
Hollola,2000,2066
Hollola,2005,2073
Hollola,2010,2076
Hollola,2015,2100
Hollola,2020,2046
Hollola,2021,1978
Hollola,2022,1944
Huittinen,1970,83
Huittinen,1980,183
Huittinen,1990,413
Huittinen,1995,429
Huittinen,2000,439
Huittinen,2005,440
Huittinen,2010,474
Huittinen,2015,498
Huittinen,2020,450
Huittinen,2021,445
Huittinen,2022,447
Humppila,1970,64
Humppila,1980,118
Humppila,1990,259
Humppila,1995,325
Humppila,2000,353
Humppila,2005,370
Humppila,2010,365
Humppila,2015,367
Humppila,2020,307
Humppila,2021,305
Humppila,2022,305
Hyrynsalmi,1970,63
Hyrynsalmi,1980,117
Hyrynsalmi,1990,345
Hyrynsalmi,1995,428
Hyrynsalmi,2000,483
Hyrynsalmi,2005,579
Hyrynsalmi,2010,651
Hyrynsalmi,2015,694
Hyrynsalmi,2020,712
Hyrynsalmi,2021,718
Hyrynsalmi,2022,717
Hyvinkää,1970,385
Hyvinkää,1980,367
Hyvinkää,1990,338
Hyvinkää,1995,366
Hyvinkää,2000,381
Hyvinkää,2005,374
Hyvinkää,2010,391
Hyvinkää,2015,419
Hyvinkää,2020,443
Hyvinkää,2021,448
Hyvinkää,2022,452
Hämeenkyrö,1970,691
Hämeenkyrö,1980,895
Hämeenkyrö,1990,1131
Hämeenkyrö,1995,1234
Hämeenkyrö,2000,1387
Hämeenkyrö,2005,1313
Hämeenkyrö,2010,1350
Hämeenkyrö,2015,1397
Hämeenkyrö,2020,1382
Hämeenkyrö,2021,1384
Hämeenkyrö,2022,1382
Hämeenlinna,1970,2828
Hämeenlinna,1980,4024
Hämeenlinna,1990,5683
Hämeenlinna,1995,6428
Hämeenlinna,2000,7472
Hämeenlinna,2005,7524
Hämeenlinna,2010,7694
Hämeenlinna,2015,7872
Hämeenlinna,2020,8636
Hämeenlinna,2021,8703
Hämeenlinna,2022,8668
Ii,1970,617
Ii,1980,942
Ii,1990,1522
Ii,1995,1719
Ii,2000,1861
Ii,2005,1928
Ii,2010,1987
Ii,2015,2062
Ii,2020,2093
Ii,2021,2098
Ii,2022,2104
Iisalmi,1970,377
Iisalmi,1980,644
Iisalmi,1990,1076
Iisalmi,1995,1181
Iisalmi,2000,1210
Iisalmi,2005,1206
Iisalmi,2010,1228
Iisalmi,2015,1180
Iisalmi,2020,1082
Iisalmi,2021,1089
Iisalmi,2022,1084
Iitti,1970,1210
Iitti,1980,1423
Iitti,1990,1867
Iitti,1995,2121
Iitti,2000,2400
Iitti,2005,2476
Iitti,2010,2569
Iitti,2015,2578
Iitti,2020,2465
Iitti,2021,2483
Iitti,2022,2493
Ikaalinen,1970,554
Ikaalinen,1980,1289
Ikaalinen,1990,1686
Ikaalinen,1995,1948
Ikaalinen,2000,2177
Ikaalinen,2005,2230
Ikaalinen,2010,2315
Ikaalinen,2015,2426
Ikaalinen,2020,2223
Ikaalinen,2021,2221
Ikaalinen,2022,2226
Ilmajoki,1970,97
Ilmajoki,1980,93
Ilmajoki,1990,265
Ilmajoki,1995,290
Ilmajoki,2000,404
Ilmajoki,2005,386
Ilmajoki,2010,380
Ilmajoki,2015,373
Ilmajoki,2020,296
Ilmajoki,2021,284
Ilmajoki,2022,288
Ilomantsi,1970,230
Ilomantsi,1980,542
Ilomantsi,1990,1233
Ilomantsi,1995,1613
Ilomantsi,2000,1692
Ilomantsi,2005,1779
Ilomantsi,2010,1868
Ilomantsi,2015,1937
Ilomantsi,2020,1805
Ilomantsi,2021,1798
Ilomantsi,2022,1802
Imatra,1970,34
Imatra,1980,98
Imatra,1990,187
Imatra,1995,202
Imatra,2000,199
Imatra,2005,197
Imatra,2010,195
Imatra,2015,188
Imatra,2020,225
Imatra,2021,223
Imatra,2022,204
Inari,1970,374
Inari,1980,667
Inari,1990,1417
Inari,1995,1737
Inari,2000,1886
Inari,2005,2309
Inari,2010,2426
Inari,2015,2619
Inari,2020,3182
Inari,2021,3213
Inari,2022,3246
Inkoo,1970,995
Inkoo,1980,1331
Inkoo,1990,1551
Inkoo,1995,1645
Inkoo,2000,1842
Inkoo,2005,2052
Inkoo,2010,2217
Inkoo,2015,2236
Inkoo,2020,2499
Inkoo,2021,2495
Inkoo,2022,2498
Isojoki,1970,48
Isojoki,1980,101
Isojoki,1990,209
Isojoki,1995,399
Isojoki,2000,394
Isojoki,2005,317
Isojoki,2010,316
Isojoki,2015,310
Isojoki,2020,223
Isojoki,2021,224
Isojoki,2022,231
Isokyrö,1970,86
Isokyrö,1980,155
Isokyrö,1990,244
Isokyrö,1995,263
Isokyrö,2000,269
Isokyrö,2005,253
Isokyrö,2010,261
Isokyrö,2015,266
Isokyrö,2020,225
Isokyrö,2021,226
Isokyrö,2022,227
Janakkala,1970,698
Janakkala,1980,962
Janakkala,1990,1353
Janakkala,1995,1486
Janakkala,2000,1614
Janakkala,2005,1741
Janakkala,2010,1773
Janakkala,2015,1837
Janakkala,2020,1824
Janakkala,2021,1838
Janakkala,2022,1877
Joensuu,1970,871
Joensuu,1980,1517
Joensuu,1990,2780
Joensuu,1995,3169
Joensuu,2000,3279
Joensuu,2005,3408
Joensuu,2010,3620
Joensuu,2015,3674
Joensuu,2020,3411
Joensuu,2021,3407
Joensuu,2022,3411
Jokioinen,1970,87
Jokioinen,1980,187
Jokioinen,1990,301
Jokioinen,1995,320
Jokioinen,2000,305
Jokioinen,2005,322
Jokioinen,2010,324
Jokioinen,2015,319
Jokioinen,2020,268
Jokioinen,2021,268
Jokioinen,2022,268
Jomala,1970,200
Jomala,1980,361
Jomala,1990,349
Jomala,1995,365
Jomala,2000,358
Jomala,2005,366
Jomala,2010,364
Jomala,2015,360
Jomala,2020,401
Jomala,2021,396
Jomala,2022,393
Joroinen,1970,434
Joroinen,1980,589
Joroinen,1990,1057
Joroinen,1995,1120
Joroinen,2000,1148
Joroinen,2005,1215
Joroinen,2010,1254
Joroinen,2015,1276
Joroinen,2020,1193
Joroinen,2021,1183
Joroinen,2022,1183
Joutsa,1970,491
Joutsa,1980,1007
Joutsa,1990,1684
Joutsa,1995,2148
Joutsa,2000,2321
Joutsa,2005,2413
Joutsa,2010,2446
Joutsa,2015,2523
Joutsa,2020,2472
Joutsa,2021,2470
Joutsa,2022,2478
Juuka,1970,224
Juuka,1980,559
Juuka,1990,1306
Juuka,1995,1516
Juuka,2000,1570
Juuka,2005,1678
Juuka,2010,1741
Juuka,2015,1853
Juuka,2020,1665
Juuka,2021,1683
Juuka,2022,1681
Juupajoki,1970,117
Juupajoki,1980,194
Juupajoki,1990,307
Juupajoki,1995,356
Juupajoki,2000,417
Juupajoki,2005,437
Juupajoki,2010,451
Juupajoki,2015,485
Juupajoki,2020,469
Juupajoki,2021,470
Juupajoki,2022,472
Juva,1970,508
Juva,1980,1042
Juva,1990,1620
Juva,1995,1761
Juva,2000,1937
Juva,2005,2004
Juva,2010,2063
Juva,2015,2156
Juva,2020,2099
Juva,2021,2101
Juva,2022,2090
Jyväskylä,1970,1738
Jyväskylä,1980,2340
Jyväskylä,1990,3332
Jyväskylä,1995,3574
Jyväskylä,2000,3786
Jyväskylä,2005,3967
Jyväskylä,2010,3982
Jyväskylä,2015,3978
Jyväskylä,2020,3802
Jyväskylä,2021,3786
Jyväskylä,2022,3748
Jämijärvi,1970,77
Jämijärvi,1980,178
Jämijärvi,1990,271
Jämijärvi,1995,283
Jämijärvi,2000,273
Jämijärvi,2005,308
Jämijärvi,2010,333
Jämijärvi,2015,353
Jämijärvi,2020,329
Jämijärvi,2021,332
Jämijärvi,2022,334
Jämsä,1970,1661
Jämsä,1980,2512
Jämsä,1990,3587
Jämsä,1995,4118
Jämsä,2000,4794
Jämsä,2005,5137
Jämsä,2010,4044
Jämsä,2015,4109
Jämsä,2020,4436
Jämsä,2021,4433
Jämsä,2022,4428
Järvenpää,1970,197
Järvenpää,1980,114
Järvenpää,1990,106
Järvenpää,1995,108
Järvenpää,2000,94
Järvenpää,2005,93
Järvenpää,2010,77
Järvenpää,2015,70
Järvenpää,2020,103
Järvenpää,2021,91
Järvenpää,2022,90
Kaarina,1970,713
Kaarina,1980,769
Kaarina,1990,869
Kaarina,1995,894
Kaarina,2000,908
Kaarina,2005,858
Kaarina,2010,792
Kaarina,2015,771
Kaarina,2020,758
Kaarina,2021,754
Kaarina,2022,750
Kaavi,1970,165
Kaavi,1980,482
Kaavi,1990,920
Kaavi,1995,1041
Kaavi,2000,1093
Kaavi,2005,1176
Kaavi,2010,1192
Kaavi,2015,1253
Kaavi,2020,1223
Kaavi,2021,1220
Kaavi,2022,1221
Kajaani,1970,809
Kajaani,1980,1009
Kajaani,1990,1548
Kajaani,1995,1680
Kajaani,2000,1730
Kajaani,2005,1736
Kajaani,2010,1745
Kajaani,2015,1749
Kajaani,2020,1648
Kajaani,2021,1651
Kajaani,2022,1658
Kalajoki,1970,611
Kalajoki,1980,764
Kalajoki,1990,1144
Kalajoki,1995,1366
Kalajoki,2000,1580
Kalajoki,2005,1811
Kalajoki,2010,1890
Kalajoki,2015,1973
Kalajoki,2020,2234
Kalajoki,2021,2226
Kalajoki,2022,2221
Kangasala,1970,2278
Kangasala,1980,2616
Kangasala,1990,3298
Kangasala,1995,3857
Kangasala,2000,4247
Kangasala,2005,4206
Kangasala,2010,4498
Kangasala,2015,4626
Kangasala,2020,4506
Kangasala,2021,4502
Kangasala,2022,4486
Kangasniemi,1970,803
Kangasniemi,1980,1773
Kangasniemi,1990,2798
Kangasniemi,1995,3030
Kangasniemi,2000,3261
Kangasniemi,2005,3631
Kangasniemi,2010,3669
Kangasniemi,2015,3735
Kangasniemi,2020,3605
Kangasniemi,2021,3598
Kangasniemi,2022,3593
Kankaanpää,1970,270
Kankaanpää,1980,405
Kankaanpää,1990,732
Kankaanpää,1995,836
Kankaanpää,2000,906
Kankaanpää,2005,966
Kankaanpää,2010,974
Kankaanpää,2015,989
Kankaanpää,2020,844
Kankaanpää,2021,839
Kankaanpää,2022,831
Kannonkoski,1970,138
Kannonkoski,1980,300
Kannonkoski,1990,526
Kannonkoski,1995,643
Kannonkoski,2000,700
Kannonkoski,2005,778
Kannonkoski,2010,799
Kannonkoski,2015,812
Kannonkoski,2020,840
Kannonkoski,2021,837
Kannonkoski,2022,842
Kannus,1970,17
Kannus,1980,24
Kannus,1990,66
Kannus,1995,78
Kannus,2000,87
Kannus,2005,123
Kannus,2010,129
Kannus,2015,126
Kannus,2020,106
Kannus,2021,113
Kannus,2022,115
Karijoki,1970,16
Karijoki,1980,29
Karijoki,1990,80
Karijoki,1995,101
Karijoki,2000,120
Karijoki,2005,91
Karijoki,2010,107
Karijoki,2015,108
Karijoki,2020,95
Karijoki,2021,96
Karijoki,2022,95
Karkkila,1970,390
Karkkila,1980,549
Karkkila,1990,798
Karkkila,1995,880
Karkkila,2000,956
Karkkila,2005,958
Karkkila,2010,959
Karkkila,2015,951
Karkkila,2020,975
Karkkila,2021,976
Karkkila,2022,973
Karstula,1970,172
Karstula,1980,310
Karstula,1990,535
Karstula,1995,643
Karstula,2000,768
Karstula,2005,858
Karstula,2010,883
Karstula,2015,925
Karstula,2020,873
Karstula,2021,873
Karstula,2022,873
Karvia,1970,73
Karvia,1980,124
Karvia,1990,235
Karvia,1995,290
Karvia,2000,312
Karvia,2005,351
Karvia,2010,363
Karvia,2015,375
Karvia,2020,342
Karvia,2021,341
Karvia,2022,340
Kaskinen,1970,154
Kaskinen,1980,137
Kaskinen,1990,164
Kaskinen,1995,179
Kaskinen,2000,178
Kaskinen,2005,188
Kaskinen,2010,178
Kaskinen,2015,163
Kaskinen,2020,169
Kaskinen,2021,167
Kaskinen,2022,167
Kauhajoki,1970,172
Kauhajoki,1980,256
Kauhajoki,1990,395
Kauhajoki,1995,433
Kauhajoki,2000,478
Kauhajoki,2005,532
Kauhajoki,2010,567
Kauhajoki,2015,577
Kauhajoki,2020,581
Kauhajoki,2021,582
Kauhajoki,2022,590
Kauhava,1970,191
Kauhava,1980,213
Kauhava,1990,659
Kauhava,1995,844
Kauhava,2000,987
Kauhava,2005,1061
Kauhava,2010,1057
Kauhava,2015,1067
Kauhava,2020,1044
Kauhava,2021,1041
Kauhava,2022,1040
Kauniainen,1970,14
Kauniainen,1980,4
Kauniainen,1990,3
Kauniainen,1995,3
Kauniainen,2000,2
Kauniainen,2005,0
Kauniainen,2010,0
Kauniainen,2015,0
Kauniainen,2020,0
Kauniainen,2021,0
Kauniainen,2022,0
Kaustinen,1970,34
Kaustinen,1980,34
Kaustinen,1990,108
Kaustinen,1995,146
Kaustinen,2000,167
Kaustinen,2005,182
Kaustinen,2010,188
Kaustinen,2015,189
Kaustinen,2020,204
Kaustinen,2021,205
Kaustinen,2022,209
Keitele,1970,54
Keitele,1980,141
Keitele,1990,297
Keitele,1995,390
Keitele,2000,416
Keitele,2005,418
Keitele,2010,433
Keitele,2015,430
Keitele,2020,406
Keitele,2021,396
Keitele,2022,400
Kemi,1970,185
Kemi,1980,196
Kemi,1990,279
Kemi,1995,266
Kemi,2000,260
Kemi,2005,295
Kemi,2010,314
Kemi,2015,304
Kemi,2020,343
Kemi,2021,347
Kemi,2022,349
Kemijärvi,1970,265
Kemijärvi,1980,600
Kemijärvi,1990,1332
Kemijärvi,1995,1578
Kemijärvi,2000,1750
Kemijärvi,2005,1938
Kemijärvi,2010,1961
Kemijärvi,2015,2018
Kemijärvi,2020,2101
Kemijärvi,2021,2108
Kemijärvi,2022,2115
Keminmaa,1970,154
Keminmaa,1980,204
Keminmaa,1990,483
Keminmaa,1995,538
Keminmaa,2000,507
Keminmaa,2005,500
Keminmaa,2010,517
Keminmaa,2015,520
Keminmaa,2020,521
Keminmaa,2021,523
Keminmaa,2022,525
Kemiönsaari,1970,1318
Kemiönsaari,1980,2221
Kemiönsaari,1990,3126
Kemiönsaari,1995,3423
Kemiönsaari,2000,3863
Kemiönsaari,2005,4394
Kemiönsaari,2010,4575
Kemiönsaari,2015,4730
Kemiönsaari,2020,4889
Kemiönsaari,2021,4913
Kemiönsaari,2022,4941
Kempele,1970,37
Kempele,1980,55
Kempele,1990,47
Kempele,1995,53
Kempele,2000,48
Kempele,2005,37
Kempele,2010,34
Kempele,2015,32
Kempele,2020,28
Kempele,2021,28
Kempele,2022,28
Kerava,1970,102
Kerava,1980,36
Kerava,1990,41
Kerava,1995,39
Kerava,2000,28
Kerava,2005,24
Kerava,2010,25
Kerava,2015,24
Kerava,2020,10
Kerava,2021,11
Kerava,2022,12
Keuruu,1970,719
Keuruu,1980,1008
Keuruu,1990,1321
Keuruu,1995,1451
Keuruu,2000,1582
Keuruu,2005,1827
Keuruu,2010,1912
Keuruu,2015,1942
Keuruu,2020,1944
Keuruu,2021,1956
Keuruu,2022,1963
Kihniö,1970,246
Kihniö,1980,424
Kihniö,1990,661
Kihniö,1995,735
Kihniö,2000,742
Kihniö,2005,788
Kihniö,2010,872
Kihniö,2015,899
Kihniö,2020,907
Kihniö,2021,909
Kihniö,2022,908
Kinnula,1970,59
Kinnula,1980,171
Kinnula,1990,226
Kinnula,1995,350
Kinnula,2000,391
Kinnula,2005,415
Kinnula,2010,443
Kinnula,2015,459
Kinnula,2020,452
Kinnula,2021,447
Kinnula,2022,448
Kirkkonummi,1970,2105
Kirkkonummi,1980,2161
Kirkkonummi,1990,2356
Kirkkonummi,1995,2433
Kirkkonummi,2000,2474
Kirkkonummi,2005,2429
Kirkkonummi,2010,2450
Kirkkonummi,2015,2462
Kirkkonummi,2020,2464
Kirkkonummi,2021,2473
Kirkkonummi,2022,2478
Kitee,1970,624
Kitee,1980,1332
Kitee,1990,2221
Kitee,1995,2618
Kitee,2000,2751
Kitee,2005,2896
Kitee,2010,2992
Kitee,2015,2978
Kitee,2020,2864
Kitee,2021,2862
Kitee,2022,2865
Kittilä,1970,78
Kittilä,1980,238
Kittilä,1990,985
Kittilä,1995,1495
Kittilä,2000,1784
Kittilä,2005,2573
Kittilä,2010,2775
Kittilä,2015,3095
Kittilä,2020,3991
Kittilä,2021,4066
Kittilä,2022,4165
Kiuruvesi,1970,234
Kiuruvesi,1980,396
Kiuruvesi,1990,837
Kiuruvesi,1995,954
Kiuruvesi,2000,1014
Kiuruvesi,2005,1037
Kiuruvesi,2010,1092
Kiuruvesi,2015,1148
Kiuruvesi,2020,975
Kiuruvesi,2021,965
Kiuruvesi,2022,966
Kivijärvi,1970,132
Kivijärvi,1980,222
Kivijärvi,1990,387
Kivijärvi,1995,477
Kivijärvi,2000,635
Kivijärvi,2005,708
Kivijärvi,2010,730
Kivijärvi,2015,757
Kivijärvi,2020,753
Kivijärvi,2021,752
Kivijärvi,2022,753
Kokemäki,1970,591
Kokemäki,1980,783
Kokemäki,1990,1081
Kokemäki,1995,1229
Kokemäki,2000,1289
Kokemäki,2005,1337
Kokemäki,2010,1339
Kokemäki,2015,1338
Kokemäki,2020,1246
Kokemäki,2021,1268
Kokemäki,2022,1259
Kokkola,1970,1832
Kokkola,1980,2070
Kokkola,1990,1511
Kokkola,1995,1689
Kokkola,2000,1915
Kokkola,2005,2042
Kokkola,2010,2180
Kokkola,2015,2244
Kokkola,2020,2660
Kokkola,2021,2685
Kokkola,2022,2735
Kolari,1970,84
Kolari,1980,281
Kolari,1990,1078
Kolari,1995,1230
Kolari,2000,1354
Kolari,2005,1825
Kolari,2010,2131
Kolari,2015,2369
Kolari,2020,3009
Kolari,2021,3045
Kolari,2022,3128
Konnevesi,1970,322
Konnevesi,1980,644
Konnevesi,1990,775
Konnevesi,1995,954
Konnevesi,2000,1063
Konnevesi,2005,1157
Konnevesi,2010,1197
Konnevesi,2015,1217
Konnevesi,2020,1235
Konnevesi,2021,1234
Konnevesi,2022,1241
Kontiolahti,1970,598
Kontiolahti,1980,784
Kontiolahti,1990,1229
Kontiolahti,1995,1421
Kontiolahti,2000,1553
Kontiolahti,2005,1559
Kontiolahti,2010,1573
Kontiolahti,2015,1572
Kontiolahti,2020,1519
Kontiolahti,2021,1515
Kontiolahti,2022,1511
Korsnäs,1970,384
Korsnäs,1980,590
Korsnäs,1990,868
Korsnäs,1995,951
Korsnäs,2000,962
Korsnäs,2005,996
Korsnäs,2010,995
Korsnäs,2015,974
Korsnäs,2020,993
Korsnäs,2021,997
Korsnäs,2022,991
Koski Tl,1970,58
Koski Tl,1980,117
Koski Tl,1990,217
Koski Tl,1995,257
Koski Tl,2000,267
Koski Tl,2005,255
Koski Tl,2010,262
Koski Tl,2015,269
Koski Tl,2020,201
Koski Tl,2021,201
Koski Tl,2022,204
Kotka,1970,1163
Kotka,1980,940
Kotka,1990,1425
Kotka,1995,1458
Kotka,2000,1572
Kotka,2005,1526
Kotka,2010,1578
Kotka,2015,1606
Kotka,2020,1877
Kotka,2021,1891
Kotka,2022,1899
Kouvola,1970,2694
Kouvola,1980,3886
Kouvola,1990,5582
Kouvola,1995,6726
Kouvola,2000,7167
Kouvola,2005,7470
Kouvola,2010,7605
Kouvola,2015,7740
Kouvola,2020,7477
Kouvola,2021,7499
Kouvola,2022,7544
Kristiinankaupunki,1970,722
Kristiinankaupunki,1980,1033
Kristiinankaupunki,1990,1127
Kristiinankaupunki,1995,1197
Kristiinankaupunki,2000,1307
Kristiinankaupunki,2005,1390
Kristiinankaupunki,2010,1379
Kristiinankaupunki,2015,1343
Kristiinankaupunki,2020,1367
Kristiinankaupunki,2021,1412
Kristiinankaupunki,2022,1416
Kruunupyy,1970,356
Kruunupyy,1980,492
Kruunupyy,1990,513
Kruunupyy,1995,594
Kruunupyy,2000,665
Kruunupyy,2005,737
Kruunupyy,2010,876
Kruunupyy,2015,854
Kruunupyy,2020,1054
Kruunupyy,2021,1066
Kruunupyy,2022,1083
Kuhmo,1970,233
Kuhmo,1980,650
Kuhmo,1990,1567
Kuhmo,1995,2059
Kuhmo,2000,2181
Kuhmo,2005,2349
Kuhmo,2010,2415
Kuhmo,2015,2455
Kuhmo,2020,2248
Kuhmo,2021,2243
Kuhmo,2022,2253
Kuhmoinen,1970,911
Kuhmoinen,1980,1452
Kuhmoinen,1990,1925
Kuhmoinen,1995,2237
Kuhmoinen,2000,2627
Kuhmoinen,2005,2773
Kuhmoinen,2010,2979
Kuhmoinen,2015,3094
Kuhmoinen,2020,3039
Kuhmoinen,2021,3165
Kuhmoinen,2022,3165
Kumlinge,1970,43
Kumlinge,1980,140
Kumlinge,1990,190
Kumlinge,1995,226
Kumlinge,2000,254
Kumlinge,2005,260
Kumlinge,2010,273
Kumlinge,2015,280
Kumlinge,2020,340
Kumlinge,2021,360
Kumlinge,2022,355
Kuopio,1970,4070
Kuopio,1980,5724
Kuopio,1990,8662
Kuopio,1995,9555
Kuopio,2000,9899
Kuopio,2005,10337
Kuopio,2010,10618
Kuopio,2015,10695
Kuopio,2020,10507
Kuopio,2021,10514
Kuopio,2022,10496
Kuortane,1970,237
Kuortane,1980,363
Kuortane,1990,625
Kuortane,1995,671
Kuortane,2000,730
Kuortane,2005,739
Kuortane,2010,737
Kuortane,2015,745
Kuortane,2020,708
Kuortane,2021,710
Kuortane,2022,699
Kurikka,1970,141
Kurikka,1980,305
Kurikka,1990,789
Kurikka,1995,921
Kurikka,2000,1025
Kurikka,2005,1042
Kurikka,2010,1107
Kurikka,2015,1104
Kurikka,2020,950
Kurikka,2021,958
Kurikka,2022,969
Kustavi,1970,886
Kustavi,1980,1466
Kustavi,1990,2087
Kustavi,1995,2260
Kustavi,2000,2691
Kustavi,2005,2841
Kustavi,2010,2922
Kustavi,2015,3064
Kustavi,2020,3269
Kustavi,2021,3272
Kustavi,2022,3282
Kuusamo,1970,693
Kuusamo,1980,2049
Kuusamo,1990,3949
Kuusamo,1995,4727
Kuusamo,2000,5329
Kuusamo,2005,6196
Kuusamo,2010,6394
Kuusamo,2015,6638
Kuusamo,2020,7518
Kuusamo,2021,7525
Kuusamo,2022,7580
Kyyjärvi,1970,36
Kyyjärvi,1980,96
Kyyjärvi,1990,183
Kyyjärvi,1995,204
Kyyjärvi,2000,227
Kyyjärvi,2005,236
Kyyjärvi,2010,243
Kyyjärvi,2015,247
Kyyjärvi,2020,252
Kyyjärvi,2021,252
Kyyjärvi,2022,252
Kärkölä,1970,154
Kärkölä,1980,195
Kärkölä,1990,295
Kärkölä,1995,376
Kärkölä,2000,399
Kärkölä,2005,371
Kärkölä,2010,369
Kärkölä,2015,390
Kärkölä,2020,318
Kärkölä,2021,317
Kärkölä,2022,315
Kärsämäki,1970,11
Kärsämäki,1980,29
Kärsämäki,1990,94
Kärsämäki,1995,87
Kärsämäki,2000,80
Kärsämäki,2005,86
Kärsämäki,2010,107
Kärsämäki,2015,112
Kärsämäki,2020,88
Kärsämäki,2021,101
Kärsämäki,2022,102
Kökar,1970,43
Kökar,1980,143
Kökar,1990,140
Kökar,1995,177
Kökar,2000,211
Kökar,2005,223
Kökar,2010,230
Kökar,2015,235
Kökar,2020,273
Kökar,2021,274
Kökar,2022,272
Lahti,1970,1226
Lahti,1980,1398
Lahti,1990,1768
Lahti,1995,1947
Lahti,2000,1890
Lahti,2005,1894
Lahti,2010,1891
Lahti,2015,1837
Lahti,2020,1838
Lahti,2021,1813
Lahti,2022,1799
Laihia,1970,37
Laihia,1980,80
Laihia,1990,227
Laihia,1995,236
Laihia,2000,232
Laihia,2005,256
Laihia,2010,251
Laihia,2015,248
Laihia,2020,208
Laihia,2021,208
Laihia,2022,209
Laitila,1970,376
Laitila,1980,688
Laitila,1990,914
Laitila,1995,1078
Laitila,2000,1162
Laitila,2005,1221
Laitila,2010,1239
Laitila,2015,1250
Laitila,2020,1321
Laitila,2021,1320
Laitila,2022,1322
Lapinjärvi,1970,144
Lapinjärvi,1980,224
Lapinjärvi,1990,421
Lapinjärvi,1995,472
Lapinjärvi,2000,452
Lapinjärvi,2005,423
Lapinjärvi,2010,444
Lapinjärvi,2015,440
Lapinjärvi,2020,351
Lapinjärvi,2021,361
Lapinjärvi,2022,359
Lapinlahti,1970,340
Lapinlahti,1980,651
Lapinlahti,1990,1331
Lapinlahti,1995,1462
Lapinlahti,2000,1536
Lapinlahti,2005,1558
Lapinlahti,2010,1620
Lapinlahti,2015,1660
Lapinlahti,2020,1570
Lapinlahti,2021,1589
Lapinlahti,2022,1590
Lappajärvi,1970,328
Lappajärvi,1980,455
Lappajärvi,1990,729
Lappajärvi,1995,836
Lappajärvi,2000,971
Lappajärvi,2005,1012
Lappajärvi,2010,1098
Lappajärvi,2015,1150
Lappajärvi,2020,1210
Lappajärvi,2021,1208
Lappajärvi,2022,1220
Lappeenranta,1970,1289
Lappeenranta,1980,1639
Lappeenranta,1990,2421
Lappeenranta,1995,2749
Lappeenranta,2000,3058
Lappeenranta,2005,3132
Lappeenranta,2010,3019
Lappeenranta,2015,3158
Lappeenranta,2020,3090
Lappeenranta,2021,3085
Lappeenranta,2022,3079
Lapua,1970,101
Lapua,1980,155
Lapua,1990,398
Lapua,1995,488
Lapua,2000,668
Lapua,2005,658
Lapua,2010,656
Lapua,2015,677
Lapua,2020,648
Lapua,2021,656
Lapua,2022,649
Laukaa,1970,753
Laukaa,1980,915
Laukaa,1990,1349
Laukaa,1995,1441
Laukaa,2000,1554
Laukaa,2005,1612
Laukaa,2010,1673
Laukaa,2015,1716
Laukaa,2020,1702
Laukaa,2021,1706
Laukaa,2022,1711
Lemi,1970,548
Lemi,1980,727
Lemi,1990,1111
Lemi,1995,1212
Lemi,2000,1259
Lemi,2005,1319
Lemi,2010,1328
Lemi,2015,1397
Lemi,2020,1383
Lemi,2021,1377
Lemi,2022,1380
Lemland,1970,316
Lemland,1980,647
Lemland,1990,651
Lemland,1995,685
Lemland,2000,748
Lemland,2005,717
Lemland,2010,802
Lemland,2015,870
Lemland,2020,987
Lemland,2021,993
Lemland,2022,996
Lempäälä,1970,791
Lempäälä,1980,762
Lempäälä,1990,969
Lempäälä,1995,1025
Lempäälä,2000,1142
Lempäälä,2005,1103
Lempäälä,2010,1122
Lempäälä,2015,1118
Lempäälä,2020,1133
Lempäälä,2021,1114
Lempäälä,2022,1113
Leppävirta,1970,901
Leppävirta,1980,1481
Leppävirta,1990,2380
Leppävirta,1995,2537
Leppävirta,2000,2825
Leppävirta,2005,3009
Leppävirta,2010,3078
Leppävirta,2015,3137
Leppävirta,2020,3297
Leppävirta,2021,3283
Leppävirta,2022,3273
Lestijärvi,1970,148
Lestijärvi,1980,221
Lestijärvi,1990,272
Lestijärvi,1995,317
Lestijärvi,2000,374
Lestijärvi,2005,407
Lestijärvi,2010,427
Lestijärvi,2015,439
Lestijärvi,2020,470
Lestijärvi,2021,468
Lestijärvi,2022,468
Lieksa,1970,717
Lieksa,1980,1195
Lieksa,1990,1720
Lieksa,1995,2214
Lieksa,2000,2341
Lieksa,2005,2533
Lieksa,2010,2638
Lieksa,2015,2838
Lieksa,2020,2741
Lieksa,2021,2735
Lieksa,2022,2744
Lieto,1970,101
Lieto,1980,141
Lieto,1990,210
Lieto,1995,228
Lieto,2000,235
Lieto,2005,270
Lieto,2010,291
Lieto,2015,276
Lieto,2020,251
Lieto,2021,251
Lieto,2022,253
Liminka,1970,43
Liminka,1980,82
Liminka,1990,165
Liminka,1995,162
Liminka,2000,156
Liminka,2005,152
Liminka,2010,162
Liminka,2015,166
Liminka,2020,152
Liminka,2021,152
Liminka,2022,151
Liperi,1970,1113
Liperi,1980,1581
Liperi,1990,2188
Liperi,1995,2612
Liperi,2000,2842
Liperi,2005,2775
Liperi,2010,2843
Liperi,2015,2790
Liperi,2020,2519
Liperi,2021,2521
Liperi,2022,2509
Lohja,1970,4399
Lohja,1980,5927
Lohja,1990,6929
Lohja,1995,7314
Lohja,2000,7696
Lohja,2005,7991
Lohja,2010,8259
Lohja,2015,8414
Lohja,2020,8255
Lohja,2021,8258
Lohja,2022,8256
Loimaa,1970,184
Loimaa,1980,261
Loimaa,1990,678
Loimaa,1995,743
Loimaa,2000,760
Loimaa,2005,720
Loimaa,2010,752
Loimaa,2015,762
Loimaa,2020,575
Loimaa,2021,576
Loimaa,2022,579
Loppi,1970,1004
Loppi,1980,1608
Loppi,1990,2451
Loppi,1995,2701
Loppi,2000,3002
Loppi,2005,3165
Loppi,2010,3237
Loppi,2015,3339
Loppi,2020,3368
Loppi,2021,3395
Loppi,2022,3425
Loviisa,1970,1428
Loviisa,1980,1985
Loviisa,1990,2674
Loviisa,1995,2941
Loviisa,2000,3022
Loviisa,2005,3158
Loviisa,2010,3144
Loviisa,2015,3250
Loviisa,2020,3185
Loviisa,2021,3213
Loviisa,2022,3230
Luhanka,1970,218
Luhanka,1980,361
Luhanka,1990,558
Luhanka,1995,652
Luhanka,2000,713
Luhanka,2005,783
Luhanka,2010,797
Luhanka,2015,830
Luhanka,2020,833
Luhanka,2021,830
Luhanka,2022,829
Lumijoki,1970,66
Lumijoki,1980,123
Lumijoki,1990,184
Lumijoki,1995,225
Lumijoki,2000,208
Lumijoki,2005,200
Lumijoki,2010,210
Lumijoki,2015,220
Lumijoki,2020,203
Lumijoki,2021,202
Lumijoki,2022,203
Lumparland,1970,72
Lumparland,1980,172
Lumparland,1990,209
Lumparland,1995,233
Lumparland,2000,250
Lumparland,2005,269
Lumparland,2010,274
Lumparland,2015,305
Lumparland,2020,355
Lumparland,2021,371
Lumparland,2022,376
Luoto,1970,732
Luoto,1980,1150
Luoto,1990,1335
Luoto,1995,1412
Luoto,2000,1645
Luoto,2005,1730
Luoto,2010,1839
Luoto,2015,1860
Luoto,2020,2084
Luoto,2021,2122
Luoto,2022,2213
Luumäki,1970,1011
Luumäki,1980,1654
Luumäki,1990,2504
Luumäki,1995,2736
Luumäki,2000,2925
Luumäki,2005,3069
Luumäki,2010,3001
Luumäki,2015,3093
Luumäki,2020,3274
Luumäki,2021,3272
Luumäki,2022,3286
Maalahti,1970,689
Maalahti,1980,1249
Maalahti,1990,1621
Maalahti,1995,1856
Maalahti,2000,2078
Maalahti,2005,2071
Maalahti,2010,2014
Maalahti,2015,1999
Maalahti,2020,2015
Maalahti,2021,2018
Maalahti,2022,2034
Maarianhamina - Mariehamn,1970,65
Maarianhamina - Mariehamn,1980,50
Maarianhamina - Mariehamn,1990,60
Maarianhamina - Mariehamn,1995,61
Maarianhamina - Mariehamn,2000,73
Maarianhamina - Mariehamn,2005,68
Maarianhamina - Mariehamn,2010,67
Maarianhamina - Mariehamn,2015,64
Maarianhamina - Mariehamn,2020,73
Maarianhamina - Mariehamn,2021,74
Maarianhamina - Mariehamn,2022,71
Marttila,1970,28
Marttila,1980,67
Marttila,1990,127
Marttila,1995,152
Marttila,2000,170
Marttila,2005,233
Marttila,2010,234
Marttila,2015,227
Marttila,2020,171
Marttila,2021,172
Marttila,2022,173
Masku,1970,504
Masku,1980,684
Masku,1990,938
Masku,1995,1020
Masku,2000,1147
Masku,2005,1129
Masku,2010,923
Masku,2015,938
Masku,2020,926
Masku,2021,923
Masku,2022,920
Merijärvi,1970,17
Merijärvi,1980,29
Merijärvi,1990,94
Merijärvi,1995,147
Merijärvi,2000,155
Merijärvi,2005,148
Merijärvi,2010,155
Merijärvi,2015,150
Merijärvi,2020,89
Merijärvi,2021,89
Merijärvi,2022,88
Merikarvia,1970,507
Merikarvia,1980,886
Merikarvia,1990,1301
Merikarvia,1995,1397
Merikarvia,2000,1569
Merikarvia,2005,1638
Merikarvia,2010,1690
Merikarvia,2015,1743
Merikarvia,2020,1696
Merikarvia,2021,1699
Merikarvia,2022,1697
Miehikkälä,1970,144
Miehikkälä,1980,326
Miehikkälä,1990,518
Miehikkälä,1995,598
Miehikkälä,2000,684
Miehikkälä,2005,714
Miehikkälä,2010,813
Miehikkälä,2015,817
Miehikkälä,2020,738
Miehikkälä,2021,743
Miehikkälä,2022,746
Mikkeli,1970,3251
Mikkeli,1980,5275
Mikkeli,1990,7769
Mikkeli,1995,8546
Mikkeli,2000,9418
Mikkeli,2005,9974
Mikkeli,2010,10108
Mikkeli,2015,10349
Mikkeli,2020,10345
Mikkeli,2021,10323
Mikkeli,2022,10222
Muhos,1970,192
Muhos,1980,303
Muhos,1990,535
Muhos,1995,635
Muhos,2000,638
Muhos,2005,640
Muhos,2010,627
Muhos,2015,627
Muhos,2020,542
Muhos,2021,548
Muhos,2022,557
Multia,1970,113
Multia,1980,227
Multia,1990,395
Multia,1995,505
Multia,2000,548
Multia,2005,583
Multia,2010,611
Multia,2015,644
Multia,2020,626
Multia,2021,630
Multia,2022,637
Muonio,1970,91
Muonio,1980,246
Muonio,1990,591
Muonio,1995,742
Muonio,2000,854
Muonio,2005,967
Muonio,2010,1010
Muonio,2015,1058
Muonio,2020,1313
Muonio,2021,1324
Muonio,2022,1331
Mustasaari,1970,3029
Mustasaari,1980,1841
Mustasaari,1990,2592
Mustasaari,1995,2949
Mustasaari,2000,3214
Mustasaari,2005,3367
Mustasaari,2010,3652
Mustasaari,2015,3834
Mustasaari,2020,4124
Mustasaari,2021,4150
Mustasaari,2022,4176
Muurame,1970,415
Muurame,1980,501
Muurame,1990,603
Muurame,1995,636
Muurame,2000,691
Muurame,2005,691
Muurame,2010,739
Muurame,2015,753
Muurame,2020,716
Muurame,2021,723
Muurame,2022,724
Mynämäki,1970,186
Mynämäki,1980,412
Mynämäki,1990,764
Mynämäki,1995,892
Mynämäki,2000,943
Mynämäki,2005,956
Mynämäki,2010,1005
Mynämäki,2015,1029
Mynämäki,2020,1012
Mynämäki,2021,1011
Mynämäki,2022,1036
Myrskylä,1970,150
Myrskylä,1980,237
Myrskylä,1990,400
Myrskylä,1995,514
Myrskylä,2000,512
Myrskylä,2005,508
Myrskylä,2010,507
Myrskylä,2015,508
Myrskylä,2020,447
Myrskylä,2021,431
Myrskylä,2022,437
Mäntsälä,1970,535
Mäntsälä,1980,621
Mäntsälä,1990,997
Mäntsälä,1995,1090
Mäntsälä,2000,1060
Mäntsälä,2005,1027
Mäntsälä,2010,1040
Mäntsälä,2015,1059
Mäntsälä,2020,902
Mäntsälä,2021,904
Mäntsälä,2022,905
Mänttä-Vilppula,1970,682
Mänttä-Vilppula,1980,864
Mänttä-Vilppula,1990,1239
Mänttä-Vilppula,1995,1355
Mänttä-Vilppula,2000,1517
Mänttä-Vilppula,2005,1520
Mänttä-Vilppula,2010,1564
Mänttä-Vilppula,2015,1650
Mänttä-Vilppula,2020,1642
Mänttä-Vilppula,2021,1591
Mänttä-Vilppula,2022,1591
Mäntyharju,1970,1343
Mäntyharju,1980,2109
Mäntyharju,1990,3195
Mäntyharju,1995,3863
Mäntyharju,2000,4337
Mäntyharju,2005,4630
Mäntyharju,2010,4702
Mäntyharju,2015,4853
Mäntyharju,2020,4791
Mäntyharju,2021,4788
Mäntyharju,2022,4785
Naantali,1970,1921
Naantali,1980,2557
Naantali,1990,3183
Naantali,1995,3456
Naantali,2000,3959
Naantali,2005,3985
Naantali,2010,4401
Naantali,2015,4611
Naantali,2020,4946
Naantali,2021,4952
Naantali,2022,4950
Nakkila,1970,28
Nakkila,1980,32
Nakkila,1990,65
Nakkila,1995,65
Nakkila,2000,63
Nakkila,2005,66
Nakkila,2010,68
Nakkila,2015,70
Nakkila,2020,56
Nakkila,2021,56
Nakkila,2022,57
Nivala,1970,31
Nivala,1980,30
Nivala,1990,153
Nivala,1995,181
Nivala,2000,175
Nivala,2005,191
Nivala,2010,202
Nivala,2015,207
Nivala,2020,205
Nivala,2021,204
Nivala,2022,210
Nokia,1970,1038
Nokia,1980,1128
Nokia,1990,1361
Nokia,1995,1440
Nokia,2000,1571
Nokia,2005,1484
Nokia,2010,1512
Nokia,2015,1571
Nokia,2020,1559
Nokia,2021,1556
Nokia,2022,1547
Nousiainen,1970,40
Nousiainen,1980,96
Nousiainen,1990,211
Nousiainen,1995,234
Nousiainen,2000,262
Nousiainen,2005,266
Nousiainen,2010,280
Nousiainen,2015,297
Nousiainen,2020,308
Nousiainen,2021,309
Nousiainen,2022,309
Nurmes,1970,396
Nurmes,1980,735
Nurmes,1990,1344
Nurmes,1995,1599
Nurmes,2000,1577
Nurmes,2005,1635
Nurmes,2010,1713
Nurmes,2015,1777
Nurmes,2020,1700
Nurmes,2021,1710
Nurmes,2022,1712
Nurmijärvi,1970,965
Nurmijärvi,1980,735
Nurmijärvi,1990,826
Nurmijärvi,1995,852
Nurmijärvi,2000,793
Nurmijärvi,2005,751
Nurmijärvi,2010,732
Nurmijärvi,2015,702
Nurmijärvi,2020,645
Nurmijärvi,2021,635
Nurmijärvi,2022,618
Närpiö,1970,620
Närpiö,1980,1255
Närpiö,1990,1338
Närpiö,1995,1391
Närpiö,2000,1621
Närpiö,2005,1508
Närpiö,2010,1534
Närpiö,2015,1546
Närpiö,2020,1549
Närpiö,2021,1562
Närpiö,2022,1577
Orimattila,1970,435
Orimattila,1980,596
Orimattila,1990,1115
Orimattila,1995,1272
Orimattila,2000,1295
Orimattila,2005,1281
Orimattila,2010,1280
Orimattila,2015,1290
Orimattila,2020,1056
Orimattila,2021,1052
Orimattila,2022,1037
Oripää,1970,12
Oripää,1980,28
Oripää,1990,74
Oripää,1995,76
Oripää,2000,84
Oripää,2005,94
Oripää,2010,97
Oripää,2015,99
Oripää,2020,77
Oripää,2021,78
Oripää,2022,78
Orivesi,1970,794
Orivesi,1980,1245
Orivesi,1990,1660
Orivesi,1995,1828
Orivesi,2000,2100
Orivesi,2005,2084
Orivesi,2010,3512
Orivesi,2015,3602
Orivesi,2020,3791
Orivesi,2021,3789
Orivesi,2022,3790
Oulainen,1970,43
Oulainen,1980,118
Oulainen,1990,235
Oulainen,1995,300
Oulainen,2000,316
Oulainen,2005,329
Oulainen,2010,347
Oulainen,2015,354
Oulainen,2020,295
Oulainen,2021,296
Oulainen,2022,297
Oulu,1970,2038
Oulu,1980,2334
Oulu,1990,3793
Oulu,1995,4032
Oulu,2000,4303
Oulu,2005,4375
Oulu,2010,4443
Oulu,2015,4350
Oulu,2020,4198
Oulu,2021,4200
Oulu,2022,4222
Outokumpu,1970,325
Outokumpu,1980,514
Outokumpu,1990,770
Outokumpu,1995,940
Outokumpu,2000,1002
Outokumpu,2005,1004
Outokumpu,2010,1018
Outokumpu,2015,1043
Outokumpu,2020,1006
Outokumpu,2021,1011
Outokumpu,2022,1012
Padasjoki,1970,883
Padasjoki,1980,1610
Padasjoki,1990,1983
Padasjoki,1995,2286
Padasjoki,2000,2555
Padasjoki,2005,2634
Padasjoki,2010,2686
Padasjoki,2015,2804
Padasjoki,2020,2867
Padasjoki,2021,2831
Padasjoki,2022,2828
Paimio,1970,97
Paimio,1980,184
Paimio,1990,292
Paimio,1995,329
Paimio,2000,322
Paimio,2005,317
Paimio,2010,320
Paimio,2015,285
Paimio,2020,235
Paimio,2021,247
Paimio,2022,250
Paltamo,1970,221
Paltamo,1980,442
Paltamo,1990,847
Paltamo,1995,1027
Paltamo,2000,1057
Paltamo,2005,1186
Paltamo,2010,1222
Paltamo,2015,1291
Paltamo,2020,1259
Paltamo,2021,1272
Paltamo,2022,1273
Parainen,1970,3380
Parainen,1980,5053
Parainen,1990,6315
Parainen,1995,6871
Parainen,2000,7544
Parainen,2005,8244
Parainen,2010,8374
Parainen,2015,8595
Parainen,2020,9665
Parainen,2021,9677
Parainen,2022,9695
Parikkala,1970,476
Parikkala,1980,951
Parikkala,1990,1427
Parikkala,1995,1802
Parikkala,2000,1846
Parikkala,2005,1810
Parikkala,2010,1801
Parikkala,2015,1817
Parikkala,2020,1684
Parikkala,2021,1689
Parikkala,2022,1693
Parkano,1970,255
Parkano,1980,523
Parkano,1990,842
Parkano,1995,958
Parkano,2000,1123
Parkano,2005,1163
Parkano,2010,1222
Parkano,2015,1256
Parkano,2020,1189
Parkano,2021,1188
Parkano,2022,1181
Pedersören kunta,1970,972
Pedersören kunta,1980,512
Pedersören kunta,1990,466
Pedersören kunta,1995,671
Pedersören kunta,2000,737
Pedersören kunta,2005,773
Pedersören kunta,2010,800
Pedersören kunta,2015,798
Pedersören kunta,2020,833
Pedersören kunta,2021,832
Pedersören kunta,2022,832
Pelkosenniemi,1970,27
Pelkosenniemi,1980,86
Pelkosenniemi,1990,315
Pelkosenniemi,1995,454
Pelkosenniemi,2000,543
Pelkosenniemi,2005,662
Pelkosenniemi,2010,690
Pelkosenniemi,2015,740
Pelkosenniemi,2020,825
Pelkosenniemi,2021,833
Pelkosenniemi,2022,844
Pello,1970,116
Pello,1980,325
Pello,1990,700
Pello,1995,797
Pello,2000,889
Pello,2005,1010
Pello,2010,1043
Pello,2015,1079
Pello,2020,1232
Pello,2021,1236
Pello,2022,1242
Perho,1970,40
Perho,1980,73
Perho,1990,163
Perho,1995,184
Perho,2000,216
Perho,2005,251
Perho,2010,246
Perho,2015,242
Perho,2020,278
Perho,2021,283
Perho,2022,283
Pertunmaa,1970,456
Pertunmaa,1980,811
Pertunmaa,1990,1462
Pertunmaa,1995,1544
Pertunmaa,2000,1616
Pertunmaa,2005,1698
Pertunmaa,2010,1805
Pertunmaa,2015,1841
Pertunmaa,2020,1808
Pertunmaa,2021,1799
Pertunmaa,2022,1799
Petäjävesi,1970,246
Petäjävesi,1980,389
Petäjävesi,1990,559
Petäjävesi,1995,642
Petäjävesi,2000,721
Petäjävesi,2005,764
Petäjävesi,2010,792
Petäjävesi,2015,782
Petäjävesi,2020,795
Petäjävesi,2021,791
Petäjävesi,2022,799
Pieksämäki,1970,910
Pieksämäki,1980,1536
Pieksämäki,1990,2478
Pieksämäki,1995,2712
Pieksämäki,2000,2861
Pieksämäki,2005,2965
Pieksämäki,2010,3046
Pieksämäki,2015,3160
Pieksämäki,2020,3069
Pieksämäki,2021,3081
Pieksämäki,2022,3068
Pielavesi,1970,229
Pielavesi,1980,530
Pielavesi,1990,1181
Pielavesi,1995,1398
Pielavesi,2000,1413
Pielavesi,2005,1473
Pielavesi,2010,1521
Pielavesi,2015,1504
Pielavesi,2020,1368
Pielavesi,2021,1368
Pielavesi,2022,1373
Pietarsaari,1970,388
Pietarsaari,1980,1053
Pietarsaari,1990,535
Pietarsaari,1995,586
Pietarsaari,2000,708
Pietarsaari,2005,1184
Pietarsaari,2010,1329
Pietarsaari,2015,1223
Pietarsaari,2020,1337
Pietarsaari,2021,1322
Pietarsaari,2022,1323
Pihtipudas,1970,211
Pihtipudas,1980,440
Pihtipudas,1990,702
Pihtipudas,1995,880
Pihtipudas,2000,952
Pihtipudas,2005,1019
Pihtipudas,2010,1037
Pihtipudas,2015,1035
Pihtipudas,2020,1000
Pihtipudas,2021,993
Pihtipudas,2022,997
Pirkkala,1970,364
Pirkkala,1980,271
Pirkkala,1990,376
Pirkkala,1995,404
Pirkkala,2000,465
Pirkkala,2005,413
Pirkkala,2010,441
Pirkkala,2015,474
Pirkkala,2020,452
Pirkkala,2021,455
Pirkkala,2022,443
Polvijärvi,1970,302
Polvijärvi,1980,638
Polvijärvi,1990,1115
Polvijärvi,1995,1279
Polvijärvi,2000,1355
Polvijärvi,2005,1409
Polvijärvi,2010,1443
Polvijärvi,2015,1454
Polvijärvi,2020,1468
Polvijärvi,2021,1468
Polvijärvi,2022,1468
Pomarkku,1970,313
Pomarkku,1980,453
Pomarkku,1990,640
Pomarkku,1995,681
Pomarkku,2000,745
Pomarkku,2005,779
Pomarkku,2010,831
Pomarkku,2015,865
Pomarkku,2020,905
Pomarkku,2021,907
Pomarkku,2022,908
Pori,1970,2369
Pori,1980,2705
Pori,1990,4039
Pori,1995,4260
Pori,2000,4765
Pori,2005,4760
Pori,2010,4947
Pori,2015,5143
Pori,2020,5141
Pori,2021,5185
Pori,2022,5206
Pornainen,1970,364
Pornainen,1980,360
Pornainen,1990,430
Pornainen,1995,504
Pornainen,2000,498
Pornainen,2005,466
Pornainen,2010,499
Pornainen,2015,500
Pornainen,2020,475
Pornainen,2021,479
Pornainen,2022,483
Porvoo,1970,2537
Porvoo,1980,2294
Porvoo,1990,2860
Porvoo,1995,2999
Porvoo,2000,3242
Porvoo,2005,3219
Porvoo,2010,3701
Porvoo,2015,3692
Porvoo,2020,3668
Porvoo,2021,3680
Porvoo,2022,3694
Posio,1970,244
Posio,1980,663
Posio,1990,1508
Posio,1995,1858
Posio,2000,2135
Posio,2005,2340
Posio,2010,2432
Posio,2015,2533
Posio,2020,2642
Posio,2021,2645
Posio,2022,2661
Pudasjärvi,1970,343
Pudasjärvi,1980,845
Pudasjärvi,1990,2052
Pudasjärvi,1995,2564
Pudasjärvi,2000,2733
Pudasjärvi,2005,3068
Pudasjärvi,2010,3227
Pudasjärvi,2015,3382
Pudasjärvi,2020,3656
Pudasjärvi,2021,3710
Pudasjärvi,2022,3766
Pukkila,1970,85
Pukkila,1980,108
Pukkila,1990,240
Pukkila,1995,322
Pukkila,2000,303
Pukkila,2005,297
Pukkila,2010,302
Pukkila,2015,306
Pukkila,2020,247
Pukkila,2021,242
Pukkila,2022,243
Punkalaidun,1970,199
Punkalaidun,1980,309
Punkalaidun,1990,472
Punkalaidun,1995,496
Punkalaidun,2000,528
Punkalaidun,2005,518
Punkalaidun,2010,528
Punkalaidun,2015,549
Punkalaidun,2020,493
Punkalaidun,2021,495
Punkalaidun,2022,497
Puolanka,1970,145
Puolanka,1980,461
Puolanka,1990,926
Puolanka,1995,1188
Puolanka,2000,1279
Puolanka,2005,1462
Puolanka,2010,1512
Puolanka,2015,1550
Puolanka,2020,1511
Puolanka,2021,1515
Puolanka,2022,1522
Puumala,1970,650
Puumala,1980,1431
Puumala,1990,2126
Puumala,1995,2733
Puumala,2000,2903
Puumala,2005,3377
Puumala,2010,3462
Puumala,2015,3622
Puumala,2020,3998
Puumala,2021,4002
Puumala,2022,4023
Pyhtää,1970,762
Pyhtää,1980,932
Pyhtää,1990,1265
Pyhtää,1995,1374
Pyhtää,2000,1570
Pyhtää,2005,1629
Pyhtää,2010,1772
Pyhtää,2015,1827
Pyhtää,2020,1979
Pyhtää,2021,1985
Pyhtää,2022,1985
Pyhäjoki,1970,315
Pyhäjoki,1980,380
Pyhäjoki,1990,547
Pyhäjoki,1995,653
Pyhäjoki,2000,691
Pyhäjoki,2005,714
Pyhäjoki,2010,723
Pyhäjoki,2015,738
Pyhäjoki,2020,713
Pyhäjoki,2021,716
Pyhäjoki,2022,719
Pyhäjärvi,1970,273
Pyhäjärvi,1980,438
Pyhäjärvi,1990,854
Pyhäjärvi,1995,963
Pyhäjärvi,2000,968
Pyhäjärvi,2005,1030
Pyhäjärvi,2010,1055
Pyhäjärvi,2015,1058
Pyhäjärvi,2020,1054
Pyhäjärvi,2021,1059
Pyhäjärvi,2022,1065
Pyhäntä,1970,69
Pyhäntä,1980,126
Pyhäntä,1990,215
Pyhäntä,1995,256
Pyhäntä,2000,299
Pyhäntä,2005,327
Pyhäntä,2010,340
Pyhäntä,2015,360
Pyhäntä,2020,356
Pyhäntä,2021,355
Pyhäntä,2022,359
Pyhäranta,1970,437
Pyhäranta,1980,684
Pyhäranta,1990,831
Pyhäranta,1995,824
Pyhäranta,2000,952
Pyhäranta,2005,961
Pyhäranta,2010,991
Pyhäranta,2015,1010
Pyhäranta,2020,956
Pyhäranta,2021,956
Pyhäranta,2022,955
Pälkäne,1970,1680
Pälkäne,1980,2283
Pälkäne,1990,2910
Pälkäne,1995,3617
Pälkäne,2000,3932
Pälkäne,2005,4022
Pälkäne,2010,4060
Pälkäne,2015,4196
Pälkäne,2020,4424
Pälkäne,2021,4404
Pälkäne,2022,4409
Pöytyä,1970,406
Pöytyä,1980,573
Pöytyä,1990,755
Pöytyä,1995,793
Pöytyä,2000,851
Pöytyä,2005,888
Pöytyä,2010,928
Pöytyä,2015,948
Pöytyä,2020,966
Pöytyä,2021,972
Pöytyä,2022,979
Raahe,1970,482
Raahe,1980,586
Raahe,1990,808
Raahe,1995,870
Raahe,2000,894
Raahe,2005,941
Raahe,2010,959
Raahe,2015,939
Raahe,2020,925
Raahe,2021,922
Raahe,2022,923
Raasepori,1970,2598
Raasepori,1980,3383
Raasepori,1990,4653
Raasepori,1995,5126
Raasepori,2000,5668
Raasepori,2005,6128
Raasepori,2010,6352
Raasepori,2015,6524
Raasepori,2020,6848
Raasepori,2021,6878
Raasepori,2022,6892
Raisio,1970,80
Raisio,1980,51
Raisio,1990,59
Raisio,1995,61
Raisio,2000,59
Raisio,2005,65
Raisio,2010,67
Raisio,2015,65
Raisio,2020,56
Raisio,2021,56
Raisio,2022,52
Rantasalmi,1970,520
Rantasalmi,1980,886
Rantasalmi,1990,1490
Rantasalmi,1995,1664
Rantasalmi,2000,1776
Rantasalmi,2005,2010
Rantasalmi,2010,2000
Rantasalmi,2015,2059
Rantasalmi,2020,2185
Rantasalmi,2021,2243
Rantasalmi,2022,2235
Ranua,1970,112
Ranua,1980,394
Ranua,1990,836
Ranua,1995,1033
Ranua,2000,1119
Ranua,2005,1419
Ranua,2010,1456
Ranua,2015,1518
Ranua,2020,1582
Ranua,2021,1707
Ranua,2022,1707
Rauma,1970,1153
Rauma,1980,1339
Rauma,1990,1735
Rauma,1995,1917
Rauma,2000,2091
Rauma,2005,2235
Rauma,2010,2247
Rauma,2015,2296
Rauma,2020,2314
Rauma,2021,2316
Rauma,2022,2311
Rautalampi,1970,337
Rautalampi,1980,697
Rautalampi,1990,1062
Rautalampi,1995,1235
Rautalampi,2000,1475
Rautalampi,2005,1561
Rautalampi,2010,1646
Rautalampi,2015,1768
Rautalampi,2020,1668
Rautalampi,2021,1672
Rautalampi,2022,1679
Rautavaara,1970,48
Rautavaara,1980,143
Rautavaara,1990,344
Rautavaara,1995,487
Rautavaara,2000,516
Rautavaara,2005,560
Rautavaara,2010,580
Rautavaara,2015,595
Rautavaara,2020,544
Rautavaara,2021,543
Rautavaara,2022,544
Rautjärvi,1970,478
Rautjärvi,1980,676
Rautjärvi,1990,992
Rautjärvi,1995,1159
Rautjärvi,2000,1241
Rautjärvi,2005,1270
Rautjärvi,2010,1292
Rautjärvi,2015,1321
Rautjärvi,2020,1243
Rautjärvi,2021,1242
Rautjärvi,2022,1245
Reisjärvi,1970,51
Reisjärvi,1980,149
Reisjärvi,1990,273
Reisjärvi,1995,341
Reisjärvi,2000,370
Reisjärvi,2005,368
Reisjärvi,2010,379
Reisjärvi,2015,411
Reisjärvi,2020,409
Reisjärvi,2021,410
Reisjärvi,2022,412
Riihimäki,1970,153
Riihimäki,1980,134
Riihimäki,1990,198
Riihimäki,1995,213
Riihimäki,2000,237
Riihimäki,2005,246
Riihimäki,2010,245
Riihimäki,2015,254
Riihimäki,2020,256
Riihimäki,2021,257
Riihimäki,2022,259
Ristijärvi,1970,81
Ristijärvi,1980,158
Ristijärvi,1990,374
Ristijärvi,1995,488
Ristijärvi,2000,530
Ristijärvi,2005,536
Ristijärvi,2010,576
Ristijärvi,2015,584
Ristijärvi,2020,555
Ristijärvi,2021,552
Ristijärvi,2022,551
Rovaniemi,1970,1172
Rovaniemi,1980,1741
Rovaniemi,1990,3014
Rovaniemi,1995,3338
Rovaniemi,2000,3455
Rovaniemi,2005,3818
Rovaniemi,2010,4141
Rovaniemi,2015,4153
Rovaniemi,2020,4487
Rovaniemi,2021,4556
Rovaniemi,2022,4463
Ruokolahti,1970,1458
Ruokolahti,1980,1993
Ruokolahti,1990,2624
Ruokolahti,1995,2906
Ruokolahti,2000,3012
Ruokolahti,2005,3168
Ruokolahti,2010,3149
Ruokolahti,2015,3373
Ruokolahti,2020,3654
Ruokolahti,2021,3649
Ruokolahti,2022,3656
Ruovesi,1970,757
Ruovesi,1980,1269
Ruovesi,1990,1690
Ruovesi,1995,1933
Ruovesi,2000,2208
Ruovesi,2005,2328
Ruovesi,2010,2453
Ruovesi,2015,2562
Ruovesi,2020,2640
Ruovesi,2021,2660
Ruovesi,2022,2641
Rusko,1970,18
Rusko,1980,58
Rusko,1990,121
Rusko,1995,139
Rusko,2000,165
Rusko,2005,158
Rusko,2010,168
Rusko,2015,168
Rusko,2020,173
Rusko,2021,172
Rusko,2022,172
Rääkkylä,1970,262
Rääkkylä,1980,482
Rääkkylä,1990,920
Rääkkylä,1995,1081
Rääkkylä,2000,1258
Rääkkylä,2005,1182
Rääkkylä,2010,1264
Rääkkylä,2015,1266
Rääkkylä,2020,1162
Rääkkylä,2021,1157
Rääkkylä,2022,1142
Saarijärvi,1970,475
Saarijärvi,1980,769
Saarijärvi,1990,1143
Saarijärvi,1995,1339
Saarijärvi,2000,1546
Saarijärvi,2005,1800
Saarijärvi,2010,1842
Saarijärvi,2015,1854
Saarijärvi,2020,1797
Saarijärvi,2021,1815
Saarijärvi,2022,1823
Salla,1970,69
Salla,1980,308
Salla,1990,859
Salla,1995,1024
Salla,2000,1166
Salla,2005,1257
Salla,2010,1316
Salla,2015,1372
Salla,2020,1435
Salla,2021,1424
Salla,2022,1424
Salo,1970,2345
Salo,1980,3594
Salo,1990,5445
Salo,1995,6386
Salo,2000,6980
Salo,2005,6963
Salo,2010,7074
Salo,2015,7191
Salo,2020,6455
Salo,2021,6442
Salo,2022,6431
Saltvik,1970,171
Saltvik,1980,357
Saltvik,1990,382
Saltvik,1995,440
Saltvik,2000,475
Saltvik,2005,491
Saltvik,2010,506
Saltvik,2015,560
Saltvik,2020,649
Saltvik,2021,655
Saltvik,2022,661
Sastamala,1970,1492
Sastamala,1980,2191
Sastamala,1990,2954
Sastamala,1995,3437
Sastamala,2000,3772
Sastamala,2005,3746
Sastamala,2010,3965
Sastamala,2015,4045
Sastamala,2020,3829
Sastamala,2021,3814
Sastamala,2022,3829
Sauvo,1970,551
Sauvo,1980,824
Sauvo,1990,1055
Sauvo,1995,1133
Sauvo,2000,1253
Sauvo,2005,1344
Sauvo,2010,1363
Sauvo,2015,1385
Sauvo,2020,1351
Sauvo,2021,1378
Sauvo,2022,1385
Savitaipale,1970,710
Savitaipale,1980,1338
Savitaipale,1990,2017
Savitaipale,1995,2237
Savitaipale,2000,2360
Savitaipale,2005,2669
Savitaipale,2010,2691
Savitaipale,2015,2749
Savitaipale,2020,2743
Savitaipale,2021,2747
Savitaipale,2022,2764
Savonlinna,1970,2126
Savonlinna,1980,3483
Savonlinna,1990,6042
Savonlinna,1995,6624
Savonlinna,2000,7027
Savonlinna,2005,7701
Savonlinna,2010,7964
Savonlinna,2015,8314
Savonlinna,2020,8765
Savonlinna,2021,8757
Savonlinna,2022,8786
Savukoski,1970,22
Savukoski,1980,75
Savukoski,1990,245
Savukoski,1995,358
Savukoski,2000,421
Savukoski,2005,492
Savukoski,2010,506
Savukoski,2015,519
Savukoski,2020,610
Savukoski,2021,614
Savukoski,2022,622
Seinäjoki,1970,172
Seinäjoki,1980,304
Seinäjoki,1990,546
Seinäjoki,1995,610
Seinäjoki,2000,691
Seinäjoki,2005,790
Seinäjoki,2010,857
Seinäjoki,2015,872
Seinäjoki,2020,857
Seinäjoki,2021,858
Seinäjoki,2022,860
Sievi,1970,32
Sievi,1980,42
Sievi,1990,173
Sievi,1995,212
Sievi,2000,223
Sievi,2005,269
Sievi,2010,268
Sievi,2015,285
Sievi,2020,296
Sievi,2021,298
Sievi,2022,299
Siikainen,1970,300
Siikainen,1980,539
Siikainen,1990,731
Siikainen,1995,832
Siikainen,2000,929
Siikainen,2005,983
Siikainen,2010,993
Siikainen,2015,1052
Siikainen,2020,989
Siikainen,2021,989
Siikainen,2022,985
Siikajoki,1970,182
Siikajoki,1980,444
Siikajoki,1990,715
Siikajoki,1995,767
Siikajoki,2000,810
Siikajoki,2005,788
Siikajoki,2010,830
Siikajoki,2015,870
Siikajoki,2020,793
Siikajoki,2021,794
Siikajoki,2022,795
Siikalatva,1970,104
Siikalatva,1980,275
Siikalatva,1990,672
Siikalatva,1995,772
Siikalatva,2000,833
Siikalatva,2005,888
Siikalatva,2010,935
Siikalatva,2015,942
Siikalatva,2020,847
Siikalatva,2021,853
Siikalatva,2022,855
Siilinjärvi,1970,540
Siilinjärvi,1980,632
Siilinjärvi,1990,911
Siilinjärvi,1995,941
Siilinjärvi,2000,931
Siilinjärvi,2005,943
Siilinjärvi,2010,983
Siilinjärvi,2015,1000
Siilinjärvi,2020,957
Siilinjärvi,2021,960
Siilinjärvi,2022,942
Simo,1970,346
Simo,1980,538
Simo,1990,824
Simo,1995,894
Simo,2000,915
Simo,2005,926
Simo,2010,938
Simo,2015,986
Simo,2020,1049
Simo,2021,1047
Simo,2022,1053
Sipoo,1970,2120
Sipoo,1980,1764
Sipoo,1990,1948
Sipoo,1995,2022
Sipoo,2000,2011
Sipoo,2005,2079
Sipoo,2010,2033
Sipoo,2015,2125
Sipoo,2020,2182
Sipoo,2021,2192
Sipoo,2022,2184
Siuntio,1970,463
Siuntio,1980,553
Siuntio,1990,813
Siuntio,1995,875
Siuntio,2000,843
Siuntio,2005,806
Siuntio,2010,795
Siuntio,2015,815
Siuntio,2020,811
Siuntio,2021,820
Siuntio,2022,817
Sodankylä,1970,120
Sodankylä,1980,336
Sodankylä,1990,946
Sodankylä,1995,1140
Sodankylä,2000,1295
Sodankylä,2005,1594
Sodankylä,2010,1719
Sodankylä,2015,1825
Sodankylä,2020,2396
Sodankylä,2021,2433
Sodankylä,2022,2497
Soini,1970,61
Soini,1980,170
Soini,1990,334
Soini,1995,357
Soini,2000,363
Soini,2005,421
Soini,2010,490
Soini,2015,533
Soini,2020,544
Soini,2021,541
Soini,2022,549
Somero,1970,510
Somero,1980,951
Somero,1990,1525
Somero,1995,1883
Somero,2000,2024
Somero,2005,2109
Somero,2010,2119
Somero,2015,2168
Somero,2020,2020
Somero,2021,2027
Somero,2022,2026
Sonkajärvi,1970,131
Sonkajärvi,1980,307
Sonkajärvi,1990,659
Sonkajärvi,1995,725
Sonkajärvi,2000,734
Sonkajärvi,2005,822
Sonkajärvi,2010,873
Sonkajärvi,2015,905
Sonkajärvi,2020,852
Sonkajärvi,2021,869
Sonkajärvi,2022,873
Sotkamo,1970,491
Sotkamo,1980,910
Sotkamo,1990,1389
Sotkamo,1995,1687
Sotkamo,2000,1735
Sotkamo,2005,1859
Sotkamo,2010,1849
Sotkamo,2015,1865
Sotkamo,2020,2013
Sotkamo,2021,2010
Sotkamo,2022,2024
Sottunga,1970,34
Sottunga,1980,67
Sottunga,1990,80
Sottunga,1995,89
Sottunga,2000,92
Sottunga,2005,94
Sottunga,2010,96
Sottunga,2015,101
Sottunga,2020,117
Sottunga,2021,117
Sottunga,2022,117
Sulkava,1970,374
Sulkava,1980,809
Sulkava,1990,1230
Sulkava,1995,1488
Sulkava,2000,1607
Sulkava,2005,1904
Sulkava,2010,1993
Sulkava,2015,2140
Sulkava,2020,2193
Sulkava,2021,2198
Sulkava,2022,2195
Sund,1970,103
Sund,1980,237
Sund,1990,310
Sund,1995,328
Sund,2000,342
Sund,2005,358
Sund,2010,351
Sund,2015,340
Sund,2020,412
Sund,2021,418
Sund,2022,428
Suomussalmi,1970,227
Suomussalmi,1980,624
Suomussalmi,1990,1283
Suomussalmi,1995,1729
Suomussalmi,2000,1888
Suomussalmi,2005,2240
Suomussalmi,2010,2253
Suomussalmi,2015,2290
Suomussalmi,2020,2163
Suomussalmi,2021,2168
Suomussalmi,2022,2172
Suonenjoki,1970,309
Suonenjoki,1980,466
Suonenjoki,1990,924
Suonenjoki,1995,966
Suonenjoki,2000,1024
Suonenjoki,2005,1056
Suonenjoki,2010,1085
Suonenjoki,2015,1112
Suonenjoki,2020,995
Suonenjoki,2021,987
Suonenjoki,2022,987
Sysmä,1970,1001
Sysmä,1980,1681
Sysmä,1990,2578
Sysmä,1995,2966
Sysmä,2000,3278
Sysmä,2005,3545
Sysmä,2010,3720
Sysmä,2015,3791
Sysmä,2020,4001
Sysmä,2021,3933
Sysmä,2022,3744
Säkylä,1970,592
Säkylä,1980,735
Säkylä,1990,918
Säkylä,1995,1004
Säkylä,2000,1050
Säkylä,2005,1080
Säkylä,2010,1099
Säkylä,2015,1141
Säkylä,2020,1112
Säkylä,2021,1105
Säkylä,2022,1104
Taipalsaari,1970,1558
Taipalsaari,1980,1901
Taipalsaari,1990,2600
Taipalsaari,1995,2943
Taipalsaari,2000,3219
Taipalsaari,2005,3407
Taipalsaari,2010,3271
Taipalsaari,2015,3411
Taipalsaari,2020,3504
Taipalsaari,2021,3473
Taipalsaari,2022,3441
Taivalkoski,1970,106
Taivalkoski,1980,399
Taivalkoski,1990,744
Taivalkoski,1995,941
Taivalkoski,2000,1031
Taivalkoski,2005,1164
Taivalkoski,2010,1185
Taivalkoski,2015,1204
Taivalkoski,2020,1240
Taivalkoski,2021,1254
Taivalkoski,2022,1258
Taivassalo,1970,628
Taivassalo,1980,933
Taivassalo,1990,1316
Taivassalo,1995,1478
Taivassalo,2000,1727
Taivassalo,2005,1864
Taivassalo,2010,1913
Taivassalo,2015,1993
Taivassalo,2020,1970
Taivassalo,2021,1973
Taivassalo,2022,1987
Tammela,1970,1077
Tammela,1980,1775
Tammela,1990,2486
Tammela,1995,2753
Tammela,2000,3125
Tammela,2005,3196
Tammela,2010,3184
Tammela,2015,3309
Tammela,2020,3305
Tammela,2021,3333
Tammela,2022,3331
Tampere,1970,2047
Tampere,1980,2079
Tampere,1990,3207
Tampere,1995,3418
Tampere,2000,3486
Tampere,2005,3507
Tampere,2010,3605
Tampere,2015,3354
Tampere,2020,3649
Tampere,2021,3705
Tampere,2022,3741
Tervo,1970,182
Tervo,1980,338
Tervo,1990,679
Tervo,1995,780
Tervo,2000,849
Tervo,2005,876
Tervo,2010,941
Tervo,2015,956
Tervo,2020,924
Tervo,2021,930
Tervo,2022,931
Tervola,1970,73
Tervola,1980,153
Tervola,1990,411
Tervola,1995,471
Tervola,2000,430
Tervola,2005,468
Tervola,2010,478
Tervola,2015,504
Tervola,2020,472
Tervola,2021,473
Tervola,2022,474
Teuva,1970,17
Teuva,1980,39
Teuva,1990,90
Teuva,1995,163
Teuva,2000,183
Teuva,2005,190
Teuva,2010,182
Teuva,2015,181
Teuva,2020,164
Teuva,2021,161
Teuva,2022,161
Tohmajärvi,1970,248
Tohmajärvi,1980,427
Tohmajärvi,1990,867
Tohmajärvi,1995,981
Tohmajärvi,2000,994
Tohmajärvi,2005,999
Tohmajärvi,2010,1027
Tohmajärvi,2015,1021
Tohmajärvi,2020,887
Tohmajärvi,2021,890
Tohmajärvi,2022,871
Toholampi,1970,12
Toholampi,1980,29
Toholampi,1990,73
Toholampi,1995,122
Toholampi,2000,140
Toholampi,2005,158
Toholampi,2010,162
Toholampi,2015,165
Toholampi,2020,137
Toholampi,2021,138
Toholampi,2022,138
Toivakka,1970,273
Toivakka,1980,429
Toivakka,1990,740
Toivakka,1995,868
Toivakka,2000,938
Toivakka,2005,1030
Toivakka,2010,1091
Toivakka,2015,1114
Toivakka,2020,866
Toivakka,2021,882
Toivakka,2022,890
Tornio,1970,513
Tornio,1980,702
Tornio,1990,943
Tornio,1995,1094
Tornio,2000,1141
Tornio,2005,1136
Tornio,2010,1230
Tornio,2015,1267
Tornio,2020,1314
Tornio,2021,1319
Tornio,2022,1313
Turku,1970,1967
Turku,1980,1853
Turku,1990,2574
Turku,1995,2628
Turku,2000,2760
Turku,2005,2546
Turku,2010,2426
Turku,2015,2488
Turku,2020,2603
Turku,2021,2601
Turku,2022,2595
Tuusniemi,1970,221
Tuusniemi,1980,574
Tuusniemi,1990,1025
Tuusniemi,1995,1214
Tuusniemi,2000,1196
Tuusniemi,2005,1369
Tuusniemi,2010,1399
Tuusniemi,2015,1425
Tuusniemi,2020,1278
Tuusniemi,2021,1279
Tuusniemi,2022,1282
Tuusula,1970,702
Tuusula,1980,542
Tuusula,1990,574
Tuusula,1995,579
Tuusula,2000,617
Tuusula,2005,548
Tuusula,2010,541
Tuusula,2015,498
Tuusula,2020,451
Tuusula,2021,455
Tuusula,2022,447
Tyrnävä,1970,37
Tyrnävä,1980,144
Tyrnävä,1990,242
Tyrnävä,1995,276
Tyrnävä,2000,274
Tyrnävä,2005,273
Tyrnävä,2010,294
Tyrnävä,2015,296
Tyrnävä,2020,270
Tyrnävä,2021,271
Tyrnävä,2022,272
Ulvila,1970,176
Ulvila,1980,240
Ulvila,1990,312
Ulvila,1995,341
Ulvila,2000,339
Ulvila,2005,364
Ulvila,2010,380
Ulvila,2015,409
Ulvila,2020,417
Ulvila,2021,427
Ulvila,2022,429
Urjala,1970,370
Urjala,1980,572
Urjala,1990,1112
Urjala,1995,1359
Urjala,2000,1442
Urjala,2005,1611
Urjala,2010,1627
Urjala,2015,1640
Urjala,2020,1529
Urjala,2021,1544
Urjala,2022,1537
Utajärvi,1970,171
Utajärvi,1980,425
Utajärvi,1990,706
Utajärvi,1995,898
Utajärvi,2000,941
Utajärvi,2005,1016
Utajärvi,2010,1062
Utajärvi,2015,1085
Utajärvi,2020,1131
Utajärvi,2021,1108
Utajärvi,2022,1121
Utsjoki,1970,66
Utsjoki,1980,137
Utsjoki,1990,375
Utsjoki,1995,476
Utsjoki,2000,530
Utsjoki,2005,540
Utsjoki,2010,612
Utsjoki,2015,684
Utsjoki,2020,967
Utsjoki,2021,1014
Utsjoki,2022,1023
Uurainen,1970,248
Uurainen,1980,401
Uurainen,1990,481
Uurainen,1995,528
Uurainen,2000,575
Uurainen,2005,599
Uurainen,2010,621
Uurainen,2015,670
Uurainen,2020,689
Uurainen,2021,693
Uurainen,2022,695
Uusikaarlepyy,1970,732
Uusikaarlepyy,1980,1312
Uusikaarlepyy,1990,758
Uusikaarlepyy,1995,892
Uusikaarlepyy,2000,1061
Uusikaarlepyy,2005,1433
Uusikaarlepyy,2010,1714
Uusikaarlepyy,2015,1789
Uusikaarlepyy,2020,2128
Uusikaarlepyy,2021,2126
Uusikaarlepyy,2022,2166
Uusikaupunki,1970,1438
Uusikaupunki,1980,2199
Uusikaupunki,1990,3104
Uusikaupunki,1995,3383
Uusikaupunki,2000,3595
Uusikaupunki,2005,3762
Uusikaupunki,2010,3871
Uusikaupunki,2015,3877
Uusikaupunki,2020,4109
Uusikaupunki,2021,4124
Uusikaupunki,2022,4157
Vaala,1970,340
Vaala,1980,734
Vaala,1990,1129
Vaala,1995,1368
Vaala,2000,1450
Vaala,2005,1610
Vaala,2010,1652
Vaala,2015,1674
Vaala,2020,1630
Vaala,2021,1636
Vaala,2022,1652
Vaasa,1970,128
Vaasa,1980,2019
Vaasa,1990,1234
Vaasa,1995,1331
Vaasa,2000,1450
Vaasa,2005,1702
Vaasa,2010,1863
Vaasa,2015,1818
Vaasa,2020,2043
Vaasa,2021,2061
Vaasa,2022,2055
Valkeakoski,1970,685
Valkeakoski,1980,821
Valkeakoski,1990,1080
Valkeakoski,1995,1148
Valkeakoski,2000,1241
Valkeakoski,2005,1206
Valkeakoski,2010,1221
Valkeakoski,2015,1290
Valkeakoski,2020,1293
Valkeakoski,2021,1301
Valkeakoski,2022,1302
Vantaa,1970,1213
Vantaa,1980,864
Vantaa,1990,1104
Vantaa,1995,1175
Vantaa,2000,929
Vantaa,2005,775
Vantaa,2010,771
Vantaa,2015,684
Vantaa,2020,656
Vantaa,2021,648
Vantaa,2022,644
Varkaus,1970,601
Varkaus,1980,767
Varkaus,1990,1169
Varkaus,1995,1288
Varkaus,2000,1280
Varkaus,2005,1283
Varkaus,2010,1313
Varkaus,2015,1364
Varkaus,2020,1269
Varkaus,2021,1276
Varkaus,2022,1283
Vehmaa,1970,211
Vehmaa,1980,364
Vehmaa,1990,566
Vehmaa,1995,637
Vehmaa,2000,751
Vehmaa,2005,792
Vehmaa,2010,800
Vehmaa,2015,847
Vehmaa,2020,835
Vehmaa,2021,839
Vehmaa,2022,842
Vesanto,1970,171
Vesanto,1980,365
Vesanto,1990,634
Vesanto,1995,708
Vesanto,2000,762
Vesanto,2005,806
Vesanto,2010,823
Vesanto,2015,806
Vesanto,2020,728
Vesanto,2021,733
Vesanto,2022,733
Vesilahti,1970,612
Vesilahti,1980,792
Vesilahti,1990,1076
Vesilahti,1995,1386
Vesilahti,2000,1623
Vesilahti,2005,1614
Vesilahti,2010,1687
Vesilahti,2015,1712
Vesilahti,2020,1708
Vesilahti,2021,1712
Vesilahti,2022,1704
Veteli,1970,61
Veteli,1980,80
Veteli,1990,139
Veteli,1995,192
Veteli,2000,219
Veteli,2005,259
Veteli,2010,265
Veteli,2015,275
Veteli,2020,381
Veteli,2021,385
Veteli,2022,387
Vieremä,1970,110
Vieremä,1980,181
Vieremä,1990,413
Vieremä,1995,456
Vieremä,2000,484
Vieremä,2005,499
Vieremä,2010,527
Vieremä,2015,549
Vieremä,2020,502
Vieremä,2021,499
Vieremä,2022,498
Vihti,1970,1562
Vihti,1980,1696
Vihti,1990,2257
Vihti,1995,2333
Vihti,2000,2493
Vihti,2005,2560
Vihti,2010,2604
Vihti,2015,2610
Vihti,2020,2425
Vihti,2021,2434
Vihti,2022,2426
Viitasaari,1970,448
Viitasaari,1980,999
Viitasaari,1990,1407
Viitasaari,1995,1854
Viitasaari,2000,2012
Viitasaari,2005,2146
Viitasaari,2010,2228
Viitasaari,2015,2259
Viitasaari,2020,2160
Viitasaari,2021,2155
Viitasaari,2022,2159
Vimpeli,1970,109
Vimpeli,1980,154
Vimpeli,1990,270
Vimpeli,1995,351
Vimpeli,2000,426
Vimpeli,2005,422
Vimpeli,2010,441
Vimpeli,2015,448
Vimpeli,2020,439
Vimpeli,2021,439
Vimpeli,2022,441
Virolahti,1970,694
Virolahti,1980,936
Virolahti,1990,1296
Virolahti,1995,1466
Virolahti,2000,1576
Virolahti,2005,1568
Virolahti,2010,1603
Virolahti,2015,1631
Virolahti,2020,1554
Virolahti,2021,1559
Virolahti,2022,1560
Virrat,1970,653
Virrat,1980,1252
Virrat,1990,1702
Virrat,1995,1982
Virrat,2000,2304
Virrat,2005,2373
Virrat,2010,2490
Virrat,2015,2651
Virrat,2020,2821
Virrat,2021,2813
Virrat,2022,2804
Vårdö,1970,104
Vårdö,1980,239
Vårdö,1990,281
Vårdö,1995,329
Vårdö,2000,385
Vårdö,2005,450
Vårdö,2010,478
Vårdö,2015,517
Vårdö,2020,562
Vårdö,2021,566
Vårdö,2022,567
Vöyri,1970,740
Vöyri,1980,1340
Vöyri,1990,1658
Vöyri,1995,1918
Vöyri,2000,2084
Vöyri,2005,2221
Vöyri,2010,2394
Vöyri,2015,2459
Vöyri,2020,2611
Vöyri,2021,2597
Vöyri,2022,2598
Ylitornio,1970,218
Ylitornio,1980,475
Ylitornio,1990,913
Ylitornio,1995,1132
Ylitornio,2000,1174
Ylitornio,2005,1233
Ylitornio,2010,1238
Ylitornio,2015,1311
Ylitornio,2020,1505
Ylitornio,2021,1539
Ylitornio,2022,1549
Ylivieska,1970,71
Ylivieska,1980,79
Ylivieska,1990,195
Ylivieska,1995,239
Ylivieska,2000,253
Ylivieska,2005,250
Ylivieska,2010,253
Ylivieska,2015,260
Ylivieska,2020,177
Ylivieska,2021,177
Ylivieska,2022,181
Ylöjärvi,1970,1962
Ylöjärvi,1980,2587
Ylöjärvi,1990,3574
Ylöjärvi,1995,3784
Ylöjärvi,2000,3987
Ylöjärvi,2005,4155
Ylöjärvi,2010,4248
Ylöjärvi,2015,4400
Ylöjärvi,2020,4378
Ylöjärvi,2021,4394
Ylöjärvi,2022,4402
Ypäjä,1970,41
Ypäjä,1980,182
Ypäjä,1990,298
Ypäjä,1995,310
Ypäjä,2000,297
Ypäjä,2005,284
Ypäjä,2010,283
Ypäjä,2015,287
Ypäjä,2020,227
Ypäjä,2021,230
Ypäjä,2022,228
Ähtäri,1970,425
Ähtäri,1980,650
Ähtäri,1990,1135
Ähtäri,1995,1235
Ähtäri,2000,1196
Ähtäri,2005,1304
Ähtäri,2010,1357
Ähtäri,2015,1336
Ähtäri,2020,1317
Ähtäri,2021,1316
Ähtäri,2022,1318
Äänekoski,1970,903
Äänekoski,1980,1374
Äänekoski,1990,1855
Äänekoski,1995,2154
Äänekoski,2000,2407
Äänekoski,2005,2461
Äänekoski,2010,2533
Äänekoski,2015,2579
Äänekoski,2020,2521
Äänekoski,2021,2526
Äänekoski,2022,2510
